k2,k_d,k4,k6,x1_0,x2_0,is_x1,theta,alpha,phi
11.35604141,2.201471367,118.818599,129.825955,4.999998587,7.664502493,TRUE,5,5,0
5.96997986,4.187618817,372.567266,592.0269162,57.32921119,10,FALSE,5,10,3.141592654
9.777606598,10.22745178,118.8165619,169.9538205,4.999999982,2.038180738,TRUE,10,5,0
16.81116405,5.948428064,777.4331915,993.0342976,40.63880597,10,FALSE,10,10,3.141592654